EID,4way time (us),activity,alias,anqp time (us),ap,beacon,bps rx,bps rx ll,bps tx,bps tx ll,bytes rx ll,bytes tx ll,channel,collisions,connections,crypt,cx ago,cx time (us),device,dhcp (ms),down,entity id,gateway ip,ip,ipv6 address,ipv6 gateway,key/phrase,login-fail,login-ok,logout-fail,logout-ok,mac,mask,misc,mode,mtu,no cx (us),noise,parent dev,phantom,port,port type,pps rx,pps tx,qlen,reset,retry failed,rx bytes,rx crc,rx drop,rx errors,rx fifo,rx frame,rx length,rx miss,rx over,rx pkts,rx-rate,sec,signal,ssid,status,time-stamp,tx abort,tx bytes,tx crr,tx errors,tx fifo,tx hb,tx pkts,tx wind,tx-failed %,tx-rate,wifi retries
1.1.eth0,0,0,eth0,0,,0,50510,66822,1705858,1735960,25879968,895255609,[channel: 0],0,0,0,0,0,eth0,0,FALSE,NA,192.168.200.1,192.168.200.31,fe80::203:2dff:fe3f:7f68/64,DELETED,,0,0,0,0,00:03:2d:3f:7f:68,255.255.255.0,0,,1500,0,,,FALSE,1.1.000,Ethernet,84,156,1000,Complete,0,20680056,0,6970,0,0,0,0,0,0,216663,1 Gbps,0,,,,21:17.4,0,878896705,0,0,0,0,681621,0,0,1 Gbps,0
1.1.eth1,0,0,eth1,0,,0,666018,899498,109210541,110947196,7539445290,72166376684,[channel: 1],0,0,0,0,0,eth1,20417,FALSE,NA,0.0.0.0,192.168.50.201,fe80::203:2dff:fe3f:7f69/64,DELETED,,0,0,0,0,00:03:2d:3f:7f:69,255.255.255.0,0,,1500,0,,,FALSE,1.1.001,Ethernet,1216,9045,1000,Complete,0,7319121186,0,0,0,0,0,0,0,0,9180171,1 Gbps,0,,,,21:20.1,0,70827359156,0,0,0,0,55792397,0,0,1 Gbps,0
1.1.wiphy0,0,23,wiphy0,0,,0,140462453,140462453,927591,927591,57006249877,7484601746,0,5717469,0,0,0,0,wiphy0,0,FALSE,NA,0.0.0.0,0.0.0.0,DELETED,DELETED,,0,0,0,0,04:f0:21:55:c4:9f,0.0.0.0,7,802.11an-AC,1500,0,,,FALSE,1.1.002,WIFI-Radio,11468,1342,0,Complete,120881,57006249877,617386,0,0,0,40306,0,0,0,16734655,360 Kbps,0,,,,21:20.6,0,7484601746,0,0,1031,0,9182612,0,39.18334579,,5717469
1.1.wiphy1,0,0,wiphy1,0,,0,0,0,0,0,235772,0,-1,0,0,0,0,0,wiphy1,0,FALSE,NA,0.0.0.0,0.0.0.0,DELETED,DELETED,,0,0,0,0,04:f0:21:54:c3:dc,0.0.0.0,22,802.11bgn-AC,1500,0,,,FALSE,1.1.003,WIFI-Radio,0,0,0,Complete,0,235772,118,0,0,0,0,0,0,0,0,360 Kbps,0,,,,21:21.3,0,0,0,0,0,0,0,0,0,,0
1.1.wiphy2,0,0,wiphy2,0,,0,0,0,0,0,0,0,-1,0,0,0,0,0,wiphy2,0,FALSE,NA,0.0.0.0,0.0.0.0,DELETED,DELETED,,0,0,0,0,4c:1d:96:6c:ab:f6,0.0.0.0,0,802.11abgn-AX,1500,0,,,FALSE,1.1.004,WIFI-Radio,0,0,0,Complete,0,0,0,0,0,0,0,0,0,0,0,0 bps,0,,,,21:20.6,0,0,0,0,0,0,0,0,0,,0
1.1.wiphy3,0,0,wiphy3,0,,0,0,0,0,0,0,0,-1,0,0,0,0,0,wiphy3,0,FALSE,NA,0.0.0.0,0.0.0.0,DELETED,DELETED,,0,0,0,0,5c:80:b6:59:5a:42,0.0.0.0,0,802.11abgn-AX,1500,0,,,FALSE,1.1.005,WIFI-Radio,0,0,0,Complete,0,0,0,0,0,0,0,0,0,0,0,0 bps,0,,,,21:20.6,0,0,0,0,0,0,0,0,0,,0
1.1.sta00000,0,23,sta00000,0,04:D4:C4:4F:BB:9C,0,2309095,2309095,16039,16039,23870848,165816,36,0,1,0,58.646 s,6970,sta00000,23619,FALSE,NA,192.168.50.1,192.168.50.49,fe80::6f0:21ff:fe24:c49f/64,DELETED,,0,0,0,0,04:f0:21:24:c4:9f,255.255.255.0,15,802.11an-AC 160,1500,4229360,-102 dBm,wiphy0,FALSE,1.1.006,WIFI-STA,198,22,1000,Complete,6,23870848,0,0,0,0,0,0,0,0,16408,877.5 Mbps,0,-34 dBm,ASUSAP,Authorized,21:20.6,0,165816,0,0,0,0,1894,0,2.176165819,1170.2 Mbps,36
1.1.sta00001,0,23,sta00001,0,04:D4:C4:4F:BB:9C,0,1909744,1909744,13881,13881,19706418,143240,36,0,1,0,59.155 s,23768,sta00001,24342,FALSE,NA,192.168.50.1,192.168.50.158,fe80::6f0:21ff:fefc:419f/64,DELETED,,0,0,0,0,04:f0:21:fc:41:9f,255.255.255.0,14,802.11an-AC 160,1500,3726399,-102 dBm,wiphy0,FALSE,1.1.007,WIFI-STA,166,19,1000,Complete,17,19706418,0,0,0,0,0,0,0,0,13721,702 Mbps,0,-35 dBm,ASUSAP,Authorized,21:20.6,0,143240,0,0,0,0,1618,0,3.612281799,1170.2 Mbps,43
1.1.sta00002,0,23,sta00002,0,04:D4:C4:4F:BB:9C,0,2276953,2276953,15468,15468,23495602,159620,36,0,1,0,59.087 s,24814,sta00002,24042,FALSE,NA,192.168.50.1,192.168.50.216,fe80::6f0:21ff:fec4:249f/64,DELETED,,0,0,0,0,04:f0:21:c4:24:9f,255.255.255.0,14,802.11an-AC 160,1500,3767525,-102 dBm,wiphy0,FALSE,1.1.008,WIFI-STA,196,22,1000,Complete,10,23495602,0,0,0,0,0,0,0,0,16244,975 Mbps,0,-34 dBm,ASUSAP,Authorized,21:20.6,0,159620,0,0,0,0,1824,0,1.733477831,1170.2 Mbps,22
1.1.sta00003,0,23,sta00003,0,04:D4:C4:4F:BB:9C,0,2341469,2341469,15470,15470,24161334,159638,36,0,1,0,59.122 s,17144,sta00003,24106,FALSE,NA,192.168.50.1,192.168.50.167,fe80::6f0:21ff:fe8f:cc9f/64,DELETED,,0,0,0,0,04:f0:21:8f:cc:9f,255.255.255.0,15,802.11an-AC 160,1500,3736398,-102 dBm,wiphy0,FALSE,1.1.009,WIFI-STA,202,21,1000,Complete,29,24161334,0,0,0,0,0,0,0,0,16689,702 Mbps,0,-33 dBm,ASUSAP,Authorized,21:20.6,0,159638,0,0,0,0,1809,0,6.019007206,1170.2 Mbps,85
1.1.sta00004,0,23,sta00004,0,04:D4:C4:4F:BB:9C,0,2192452,2192452,22814,22814,22623646,235422,36,0,1,0,59.035 s,11442,sta00004,24088,FALSE,NA,192.168.50.1,192.168.50.58,fe80::6f0:21ff:fe68:989f/64,DELETED,,0,0,0,0,04:f0:21:68:98:9f,255.255.255.0,15,802.11an-AC 160,1500,3780619,-102 dBm,wiphy0,FALSE,1.1.010,WIFI-STA,189,32,1000,Complete,62,22623646,0,0,0,0,0,0,0,0,15605,975 Mbps,0,-34 dBm,ASUSAP,Authorized,21:20.6,0,235422,0,0,0,0,2651,0,5.025678635,1170.2 Mbps,75
1.1.sta00005,0,23,sta00005,0,04:D4:C4:4F:BB:9C,0,1808005,1808005,18206,18206,18656580,187870,36,0,1,0,59.052 s,9007,sta00005,24098,FALSE,NA,192.168.50.1,192.168.50.76,fe80::6f0:21ff:fe72:e39f/64,DELETED,,0,0,0,0,04:f0:21:72:e3:9f,255.255.255.0,15,802.11an-AC 160,1500,3773738,-102 dBm,wiphy0,FALSE,1.1.011,WIFI-STA,157,24,1000,Complete,0,18656580,0,0,0,0,0,0,0,0,13000,468 Mbps,0,-34 dBm,ASUSAP,Authorized,21:20.6,0,187870,0,0,0,0,2061,0,2.136752129,1170.2 Mbps,45
1.1.sta00006,0,23,sta00006,0,04:D4:C4:4F:BB:9C,0,1477520,1477520,9515,9515,15246530,98188,36,0,1,0,59.017 s,9068,sta00006,36276,FALSE,NA,192.168.50.1,192.168.50.82,fe80::6f0:21ff:fe4f:99f/64,DELETED,,0,0,0,0,04:f0:21:4f:09:9f,255.255.255.0,18,802.11an-AC 160,1500,3780814,-102 dBm,wiphy0,FALSE,1.1.012,WIFI-STA,130,13,1000,Complete,0,15246530,0,0,0,0,0,0,0,0,10767,877.5 Mbps,0,-34 dBm,ASUSAP,Authorized,21:20.6,0,98188,0,0,0,0,1108,0,0.449236304,1040 Mbps,5
1.1.sta00007,0,23,sta00007,0,04:D4:C4:4F:BB:9C,0,1929763,1929763,14786,14786,19913226,152584,36,0,1,0,59.002 s,19055,sta00007,23973,FALSE,NA,192.168.50.1,192.168.50.46,fe80::6f0:21ff:fe28:be9f/64,DELETED,,0,0,0,0,04:f0:21:28:be:9f,255.255.255.0,15,802.11an-AC 160,1500,3797785,-102 dBm,wiphy0,FALSE,1.1.013,WIFI-STA,167,20,1000,Complete,50,19913226,0,0,0,0,0,0,0,0,13835,702 Mbps,0,-35 dBm,ASUSAP,Authorized,21:20.6,0,152584,0,0,0,0,1720,0,7.785753727,1300 Mbps,91
1.1.sta00008,0,23,sta00008,0,04:D4:C4:4F:BB:9C,0,2342167,2342167,15940,15940,24168824,164492,36,0,1,0,58.974 s,19249,sta00008,24000,FALSE,NA,192.168.50.1,192.168.50.91,fe80::6f0:21ff:fe59:ba9f/64,DELETED,,0,0,0,0,04:f0:21:59:ba:9f,255.255.255.0,16,802.11an-AC 160,1500,3816127,-102 dBm,wiphy0,FALSE,1.1.014,WIFI-STA,202,22,1000,Complete,16,24168824,0,0,0,0,0,0,0,0,16731,877.5 Mbps,0,-34 dBm,ASUSAP,Authorized,21:20.6,0,164492,0,0,0,0,1878,0,3.272727251,1170.2 Mbps,47
1.1.sta00009,0,23,sta00009,0,04:D4:C4:4F:BB:9C,0,1125520,1125520,7670,7670,11614250,79152,36,0,1,0,58.942 s,23264,sta00009,40131,FALSE,NA,192.168.50.1,192.168.50.103,fe80::6f0:21ff:fed3:d09f/64,DELETED,,0,0,0,0,04:f0:21:d3:d0:9f,255.255.255.0,18,802.11an-AC 160,1500,3829098,-102 dBm,wiphy0,FALSE,1.1.015,WIFI-STA,101,10,1000,Complete,4,11614250,0,0,0,0,0,0,0,0,8347,975 Mbps,0,-34 dBm,ASUSAP,Authorized,21:20.6,0,79152,0,0,0,0,888,0,2.212389469,780 Mbps,16
1.1._vrf1,NA,NA,NA,NA,NA,NA,NA,NA,NA,NA,NA,NA,NA,NA,NA,NA,NA,NA,NA,NA,NA,NA,NA,NA,NA,NA,NA,NA,NA,NA,NA,NA,NA,NA,NA,NA,NA,NA,NA,NA,NA,NA,NA,NA,NA,NA,NA,NA,NA,NA,NA,NA,NA,NA,NA,NA,NA,NA,NA,NA,NA,NA,NA,NA,NA,NA,NA,NA,NA,NA,NA,NA,NA,NA
1.1.sta00010,0,23,sta00010,0,04:D4:C4:4F:BB:9C,0,9455,9455,474,474,97448,4890,36,0,2,0,12.217 s,12889,sta00010,9565,FALSE,NA,192.168.50.1,192.168.50.104,fe80::6f0:21ff:fe64:b09f/64,DELETED,,0,0,0,0,04:f0:21:64:b0:9f,255.255.255.0,25,802.11an-AC 160,1500,1501419,-102 dBm,wiphy0,FALSE,1.1.017,WIFI-STA,8,0,1000,Complete,0,97448,0,0,0,0,0,0,0,0,690,468 Mbps,0,-33 dBm,ASUSAP,Authorized,21:20.6,0,4890,0,0,0,0,25,0,0,1170.2 Mbps,0
1.1.sta00011,0,23,sta00011,0,04:D4:C4:4F:BB:9C,0,2088991,2088991,13952,13952,21529932,143804,36,0,1,0,58.878 s,22006,sta00011,23858,FALSE,NA,192.168.50.1,192.168.50.229,fe80::6f0:21ff:fe25:609f/64,DELETED,,0,0,0,0,04:f0:21:25:60:9f,255.255.255.0,15,802.11an-AC 160,1500,3851166,-102 dBm,wiphy0,FALSE,1.1.018,WIFI-STA,180,19,1000,Complete,83,21529932,0,0,0,0,0,0,0,0,14921,702 Mbps,0,-34 dBm,ASUSAP,Authorized,21:20.6,0,143804,0,0,0,0,1644,0,13.85209751,1170 Mbps,168
1.1.sta00012,0,23,sta00012,0,04:D4:C4:4F:BB:9C,0,1453038,1453038,11607,11607,14975564,119636,36,0,1,0,58.844 s,21699,sta00012,23877,FALSE,NA,192.168.50.1,192.168.50.99,fe80::6f0:21ff:feef:569f/64,DELETED,,0,0,0,0,04:f0:21:ef:56:9f,255.255.255.0,15,802.11an-AC 160,1500,3497682,-102 dBm,wiphy0,FALSE,1.1.019,WIFI-STA,127,16,1000,Complete,10,14975564,0,0,0,0,0,0,0,0,10548,877.5 Mbps,0,-34 dBm,ASUSAP,Authorized,21:20.6,0,119636,0,0,0,0,1346,0,4.43490696,1170.2 Mbps,52
1.1.sta00013,0,23,sta00013,0,04:D4:C4:4F:BB:9C,0,1666259,1666259,12749,12749,17173098,131406,36,0,1,0,58.811 s,13510,sta00013,23860,FALSE,NA,192.168.50.1,192.168.50.21,fe80::6f0:21ff:fe81:a9f/64,DELETED,,0,0,0,0,04:f0:21:81:0a:9f,255.255.255.0,16,802.11an-AC 160,1500,3513160,-102 dBm,wiphy0,FALSE,1.1.020,WIFI-STA,145,18,1000,Complete,5,17173098,0,0,0,0,0,0,0,0,11993,702 Mbps,0,-35 dBm,ASUSAP,Authorized,21:20.6,0,131406,0,0,0,0,1491,0,1.914191365,1040 Mbps,24
1.1.sta00014,0,23,sta00014,0,04:D4:C4:4F:BB:9C,0,1997339,1997339,12727,12727,20560368,131020,36,0,1,0,58.792 s,11250,sta00014,23942,FALSE,NA,192.168.50.1,192.168.50.55,fe80::6f0:21ff:feeb:909f/64,DELETED,,0,0,0,0,04:f0:21:eb:90:9f,255.255.255.0,15,802.11an-AC 160,1500,3507394,-102 dBm,wiphy0,FALSE,1.1.021,WIFI-STA,173,18,1000,Complete,23,20560368,0,0,0,0,0,0,0,0,14265,877.5 Mbps,0,-34 dBm,ASUSAP,Authorized,21:20.6,0,131020,0,0,0,0,1488,0,5.483870983,1170.2 Mbps,62
1.1.sta00015,0,23,sta00015,0,04:D4:C4:4F:BB:9C,0,1805135,1805135,19226,19226,18581840,197912,36,0,1,0,58.777 s,7032,sta00015,23802,FALSE,NA,192.168.50.1,192.168.50.102,fe80::6f0:21ff:fe1f:119f/64,DELETED,,0,0,0,0,04:f0:21:1f:11:9f,255.255.255.0,17,802.11an-AC 160,1500,3503717,-102 dBm,wiphy0,FALSE,1.1.022,WIFI-STA,156,26,1000,Complete,4,18581840,0,0,0,0,0,0,0,0,12918,526.5 Mbps,0,-33 dBm,ASUSAP,Authorized,21:20.6,0,197912,0,0,0,0,2158,0,3.753351212,1040 Mbps,80
1.1.sta00016,0,23,sta00016,0,04:D4:C4:4F:BB:9C,0,2097735,2097735,15670,15670,21594094,161316,36,0,1,0,58.765 s,10002,sta00016,23789,FALSE,NA,192.168.50.1,192.168.50.180,fe80::6f0:21ff:fe55:1c9f/64,DELETED,,0,0,0,0,04:f0:21:55:1c:9f,255.255.255.0,14,802.11an-AC 160,1500,3500165,-102 dBm,wiphy0,FALSE,1.1.023,WIFI-STA,181,22,1000,Complete,52,21594094,0,0,0,0,0,0,0,0,14950,702 Mbps,0,-34 dBm,ASUSAP,Authorized,21:20.6,0,161316,0,0,0,0,1814,0,7.700366497,1300 Mbps,95
1.1.sta00017,0,23,sta00017,0,04:D4:C4:4F:BB:9C,0,2054127,2054127,14317,14317,21145192,147388,36,0,1,0,58.751 s,7991,sta00017,23842,FALSE,NA,192.168.50.1,192.168.50.232,fe80::6f0:21ff:fe52:1b9f/64,DELETED,,0,0,0,0,04:f0:21:52:1b:9f,255.255.255.0,15,802.11an-AC 160,1500,3496663,-102 dBm,wiphy0,FALSE,1.1.024,WIFI-STA,177,20,1000,Complete,9,21145192,0,0,0,0,0,0,0,0,14606,975 Mbps,0,-34 dBm,ASUSAP,Authorized,21:20.6,0,147388,0,0,0,0,1672,0,3.032069921,1170.2 Mbps,43
1.1.sta00018,0,23,sta00018,0,04:D4:C4:4F:BB:9C,0,9158,9158,439,439,94296,4528,36,0,2,0,12.255 s,15312,sta00018,9583,FALSE,NA,192.168.50.1,192.168.50.169,fe80::6f0:21ff:fe41:e29f/64,DELETED,,0,0,0,0,04:f0:21:41:e2:9f,255.255.255.0,25,802.11an-AC 160,1500,5651250,-102 dBm,wiphy0,FALSE,1.1.025,WIFI-STA,7,0,1000,Complete,0,94296,0,0,0,0,0,0,0,0,658,6.5 Mbps,0,-33 dBm,ASUSAP,Authorized,21:20.6,0,4528,0,0,0,0,24,0,0,866.7 Mbps,0
1.1.sta00019,0,23,sta00019,0,04:D4:C4:4F:BB:9C,0,2045277,2045277,18935,18935,21058690,194962,36,0,1,0,58.731 s,11603,sta00019,23762,FALSE,NA,192.168.50.1,192.168.50.241,fe80::6f0:21ff:fee7:aa9f/64,DELETED,,0,0,0,0,04:f0:21:e7:aa:9f,255.255.255.0,17,802.11an-AC 160,1500,3477657,-102 dBm,wiphy0,FALSE,1.1.026,WIFI-STA,176,26,1000,Complete,52,21058690,0,0,0,0,0,0,0,0,14563,877.5 Mbps,0,-34 dBm,ASUSAP,Authorized,21:20.6,0,194962,0,0,0,0,2199,0,4.450378418,1170.2 Mbps,48
1.1.sta00020,0,23,sta00020,0,04:D4:C4:4F:BB:9C,0,2291481,2291481,19731,19731,23593662,203156,36,0,1,0,58.743 s,7051,sta00020,23737,FALSE,NA,192.168.50.1,192.168.50.249,fe80::6f0:21ff:fe7c:5a9f/64,DELETED,,0,0,0,0,04:f0:21:7c:5a:9f,255.255.255.0,14,802.11an-AC 160,1500,3473835,-102 dBm,wiphy0,FALSE,1.1.027,WIFI-STA,197,28,1000,Complete,29,23593662,0,0,0,0,0,0,0,0,16265,520 Mbps,0,-34 dBm,ASUSAP,Authorized,21:20.6,0,203156,0,0,0,0,2320,0,4.858803749,1170 Mbps,88
1.1.sta00021,0,23,sta00021,0,04:D4:C4:4F:BB:9C,0,2242846,2242846,15505,15505,23092910,159652,36,0,1,0,58.714 s,9015,sta00021,23689,FALSE,NA,192.168.50.1,192.168.50.124,fe80::6f0:21ff:fe8e:cc9f/64,DELETED,,0,0,0,0,04:f0:21:8e:cc:9f,255.255.255.0,15,802.11an-AC 160,1500,3470536,-102 dBm,wiphy0,FALSE,1.1.028,WIFI-STA,193,21,1000,Complete,33,23092910,0,0,0,0,0,0,0,0,15943,702 Mbps,0,-34 dBm,ASUSAP,Authorized,21:20.6,0,159652,0,0,0,0,1808,0,4.77467823,1040 Mbps,56
1.1.sta00022,0,23,sta00022,0,04:D4:C4:4F:BB:9C,0,9336,9336,404,404,96012,4164,36,0,1,0,58.695 s,5501,sta00022,55776,FALSE,NA,192.168.50.1,192.168.50.242,fe80::6f0:21ff:fe63:b69f/64,DELETED,,0,0,0,0,04:f0:21:63:b6:9f,255.255.255.0,19,802.11an-AC 160,1500,3470770,-102 dBm,wiphy0,FALSE,1.1.029,WIFI-STA,8,0,1000,Complete,0,96012,0,0,0,0,0,0,0,0,685,702 Mbps,0,-33 dBm,ASUSAP,Authorized,21:20.6,0,4164,0,0,0,0,18,0,0,1170.2 Mbps,0
1.1.sta00023,0,23,sta00023,0,04:D4:C4:4F:BB:9C,0,1806026,1806026,15125,15125,18572730,155542,36,0,1,0,58.683 s,6544,sta00023,23704,FALSE,NA,192.168.50.1,192.168.50.107,fe80::6f0:21ff:fe8b:bc9f/64,DELETED,,0,0,0,0,04:f0:21:8b:bc:9f,255.255.255.0,14,802.11an-AC 160,1500,3464533,-102 dBm,wiphy0,FALSE,1.1.030,WIFI-STA,156,21,1000,Complete,31,18572730,0,0,0,0,0,0,0,0,12902,526.5 Mbps,0,-34 dBm,ASUSAP,Authorized,21:20.6,0,155542,0,0,0,0,1747,0,5.817782879,1170.2 Mbps,75
1.1.sta00024,0,23,sta00024,0,04:D4:C4:4F:BB:9C,0,2021140,2021140,14480,14480,20784900,148914,36,0,1,0,34.213 s,5496,sta00024,314,FALSE,NA,192.168.50.1,192.168.50.139,fe80::6f0:21ff:fe71:5f9f/64,DELETED,,0,0,0,0,04:f0:21:71:5f:9f,255.255.255.0,13,802.11an-AC 160,1500,427289,-102 dBm,wiphy0,FALSE,1.1.031,WIFI-STA,171,20,1000,Complete,24,20784900,0,0,0,0,0,0,0,0,14121,975 Mbps,0,-34 dBm,ASUSAP,Authorized,21:20.6,0,148914,0,0,0,0,1685,0,3.37405467,1040 Mbps,34
1.1.sta00025,0,23,sta00025,0,04:D4:C4:4F:BB:9C,0,2104512,2104512,16366,16366,21642278,168306,36,0,1,0,34.333 s,6719,sta00025,917,FALSE,NA,192.168.50.1,192.168.50.84,fe80::6f0:21ff:fe8e:d69f/64,DELETED,,0,0,0,0,04:f0:21:8e:d6:9f,255.255.255.0,10,802.11an-AC 160,1500,293992,-102 dBm,wiphy0,FALSE,1.1.032,WIFI-STA,178,23,1000,Complete,31,21642278,0,0,0,0,0,0,0,0,14712,877.5 Mbps,0,-35 dBm,ASUSAP,Authorized,21:20.6,0,168306,0,0,0,0,1937,0,6.246925831,1170 Mbps,96
1.1.sta00026,0,23,sta00026,0,04:D4:C4:4F:BB:9C,0,2125083,2125083,14208,14208,21853559,146112,36,0,1,0,34.71 s,6550,sta00026,368,FALSE,NA,192.168.50.1,192.168.50.32,fe80::6f0:21ff:fe11:b39f/64,DELETED,,0,0,0,0,04:f0:21:11:b3:9f,255.255.255.0,12,802.11an-AC 160,1500,286722,-102 dBm,wiphy0,FALSE,1.1.033,WIFI-STA,180,20,1000,Complete,24,21853559,0,0,0,0,0,0,0,0,14864,975 Mbps,0,-35 dBm,ASUSAP,Authorized,21:21.0,0,146112,0,0,0,0,1686,0,4.262672901,1170.2 Mbps,50
1.1.sta00027,0,23,sta00027,0,04:D4:C4:4F:BB:9C,0,1984572,1984572,14749,14749,20433405,151860,36,0,1,0,34.758 s,5814,sta00027,440,FALSE,NA,192.168.50.1,192.168.50.25,fe80::6f0:21ff:fe38:19f/64,DELETED,,0,0,0,0,04:f0:21:38:01:9f,255.255.255.0,13,802.11an-AC 160,1500,284546,-102 dBm,wiphy0,FALSE,1.1.034,WIFI-STA,168,21,1000,Complete,24,20433405,0,0,0,0,0,0,0,0,13915,975 Mbps,0,-35 dBm,ASUSAP,Authorized,21:21.1,0,151860,0,0,0,0,1742,0,5.966064453,1170.2 Mbps,85
1.1.sta00028,0,23,sta00028,0,04:D4:C4:4F:BB:9C,0,2303895,2303895,15985,15985,22777172,158034,36,0,1,0,34.3 s,6725,sta00028,837,FALSE,NA,192.168.50.1,192.168.50.206,fe80::6f0:21ff:fe0b:b99f/64,DELETED,,0,0,0,0,04:f0:21:0b:b9:9f,255.255.255.0,11,802.11an-AC 160,1500,282939,-102 dBm,wiphy0,FALSE,1.1.035,WIFI-STA,195,22,1000,Complete,0,22777172,0,0,0,0,0,0,0,0,15423,702 Mbps,0,-34 dBm,ASUSAP,Authorized,21:20.6,0,158034,0,0,0,0,1801,0,0.825991213,1170.2 Mbps,15
1.1.sta00029,0,23,sta00029,0,04:D4:C4:4F:BB:9C,0,1837576,1837576,15364,15364,18816324,157330,36,0,1,0,34.289 s,5513,sta00029,561,FALSE,NA,192.168.50.1,192.168.50.116,fe80::6f0:21ff:fe0b:f79f/64,DELETED,,0,0,0,0,04:f0:21:0b:f7:9f,255.255.255.0,11,802.11an-AC 160,1500,282505,-102 dBm,wiphy0,FALSE,1.1.036,WIFI-STA,156,21,1000,Complete,3,18816324,0,0,0,0,0,0,0,0,12800,877.5 Mbps,0,-34 dBm,ASUSAP,Authorized,21:20.6,0,157330,0,0,0,0,1787,0,1.381978989,1170.2 Mbps,22
1.1.sta00030,0,23,sta00030,0,04:D4:C4:4F:BB:9C,0,1472218,1472218,10777,10777,15075152,110354,36,0,1,0,34.279 s,5871,sta00030,1197,FALSE,NA,192.168.50.1,192.168.50.77,fe80::6f0:21ff:fe4b:2b9f/64,DELETED,,0,0,0,0,04:f0:21:4b:2b:9f,255.255.255.0,12,802.11an-AC 160,1500,276953,-102 dBm,wiphy0,FALSE,1.1.037,WIFI-STA,125,15,1000,Complete,7,15075152,0,0,0,0,0,0,0,0,10320,975 Mbps,0,-34 dBm,ASUSAP,Authorized,21:20.6,0,110354,0,0,0,0,1255,0,1.886792421,1040 Mbps,17
1.1.sta00031,0,23,sta00031,0,04:D4:C4:4F:BB:9C,0,2082641,2082641,20406,20406,21326250,208964,36,0,1,0,34.268 s,6449,sta00031,1148,FALSE,NA,192.168.50.1,192.168.50.168,fe80::6f0:21ff:fe09:a19f/64,DELETED,,0,0,0,0,04:f0:21:09:a1:9f,255.255.255.0,12,802.11an-AC 160,1500,267734,-102 dBm,wiphy0,FALSE,1.1.038,WIFI-STA,176,28,1000,Complete,20,21326250,0,0,0,0,0,0,0,0,14488,702 Mbps,0,-34 dBm,ASUSAP,Authorized,21:20.6,0,208964,0,0,0,0,2332,0,2.406078577,1170.2 Mbps,37
1.1.sta00032,0,23,sta00032,0,04:D4:C4:4F:BB:9C,0,2257362,2257362,25233,25233,23115394,258388,36,0,1,0,34.257 s,6302,sta00032,564,FALSE,NA,192.168.50.1,192.168.50.140,fe80::6f0:21ff:fe47:5c9f/64,DELETED,,0,0,0,0,04:f0:21:47:5c:9f,255.255.255.0,12,802.11an-AC 160,1500,254894,-102 dBm,wiphy0,FALSE,1.1.039,WIFI-STA,191,35,1000,Complete,39,23115394,0,0,0,0,0,0,0,0,15660,877.5 Mbps,0,-34 dBm,ASUSAP,Authorized,21:20.6,0,258388,0,0,0,0,2922,0,3.835890532,1053.2 Mbps,76
1.1.sta00033,0,23,sta00033,0,04:D4:C4:4F:BB:9C,0,1475136,1475136,13309,13309,15105398,136286,36,0,1,0,34.245 s,6006,sta00033,573,FALSE,NA,192.168.50.1,192.168.50.60,fe80::6f0:21ff:febc:899f/64,DELETED,,0,0,0,0,04:f0:21:bc:89:9f,255.255.255.0,11,802.11an-AC 160,1500,247019,-102 dBm,wiphy0,FALSE,1.1.040,WIFI-STA,126,18,1000,Complete,27,15105398,0,0,0,0,0,0,0,0,10344,780 Mbps,0,-35 dBm,ASUSAP,Authorized,21:20.6,0,136286,0,0,0,0,1529,0,4.695431709,1053.2 Mbps,47
1.1.sta00034,0,23,sta00034,0,04:D4:C4:4F:BB:9C,0,2252975,2252975,21220,21220,23070468,217294,36,0,1,0,34.235 s,6139,sta00034,1044,FALSE,NA,192.168.50.1,192.168.50.171,fe80::6f0:21ff:fe3f:a49f/64,DELETED,,0,0,0,0,04:f0:21:3f:a4:9f,255.255.255.0,11,802.11an-AC 160,1500,232652,-102 dBm,wiphy0,FALSE,1.1.041,WIFI-STA,190,30,1000,Complete,55,23070468,0,0,0,0,0,0,0,0,15635,468 Mbps,0,-35 dBm,ASUSAP,Authorized,21:20.6,0,217294,0,0,0,0,2487,0,6.064117432,780 Mbps,102
1.1.sta00035,0,23,sta00035,0,04:D4:C4:4F:BB:9C,0,2067188,2067188,15081,15081,21168014,154436,36,0,1,0,34.224 s,5137,sta00035,381,FALSE,NA,192.168.50.1,192.168.50.100,fe80::6f0:21ff:fe34:bb9f/64,DELETED,,0,0,0,0,04:f0:21:34:bb:9f,255.255.255.0,10,802.11an-AC 160,1500,222371,-102 dBm,wiphy0,FALSE,1.1.042,WIFI-STA,175,21,1000,Complete,1,21168014,0,0,0,0,0,0,0,0,14380,877.5 Mbps,0,-34 dBm,ASUSAP,Authorized,21:20.6,0,154436,0,0,0,0,1772,0,1.006148696,1170.2 Mbps,17
1.1.sta00036,0,23,sta00036,0,04:D4:C4:4F:BB:9C,0,2208119,2208119,15791,15791,22611146,161700,36,0,1,0,32.789 s,7435,sta00036,267,FALSE,NA,192.168.50.1,192.168.50.200,fe80::6f0:21ff:fe00:c39f/64,DELETED,,0,0,0,0,04:f0:21:00:c3:9f,255.255.255.0,11,802.11an-AC 160,1500,452865,-102 dBm,wiphy0,FALSE,1.1.043,WIFI-STA,186,22,1000,Complete,20,22611146,0,0,0,0,0,0,0,0,15269,702 Mbps,0,-36 dBm,ASUSAP,Authorized,21:20.6,0,161700,0,0,0,0,1860,0,2.542372942,1170.2 Mbps,28
1.1.sta00037,0,23,sta00037,0,04:D4:C4:4F:BB:9C,0,2173332,2173332,17792,17792,22254928,182200,36,0,1,0,32.928 s,5834,sta00037,384,FALSE,NA,192.168.50.1,192.168.50.220,fe80::6f0:21ff:fe88:649f/64,DELETED,,0,0,0,0,04:f0:21:88:64:9f,255.255.255.0,11,802.11an-AC 160,1500,301189,-102 dBm,wiphy0,FALSE,1.1.044,WIFI-STA,183,25,1000,Complete,74,22254928,0,0,0,0,0,0,0,0,15008,975 Mbps,0,-35 dBm,ASUSAP,Authorized,21:20.6,0,182200,0,0,0,0,2074,0,12.04925251,1040 Mbps,200
1.1.sta00038,0,23,sta00038,0,04:D4:C4:4F:BB:9C,0,2306309,2306309,17378,17378,23616324,177958,36,0,1,0,32.917 s,8995,sta00038,888,FALSE,NA,192.168.50.1,192.168.50.2,fe80::6f0:21ff:fe7a:159f/64,DELETED,,0,0,0,0,04:f0:21:7a:15:9f,255.255.255.0,11,802.11an-AC 160,1500,303566,-102 dBm,wiphy0,FALSE,1.1.045,WIFI-STA,194,24,1000,Complete,54,23616324,0,0,0,0,0,0,0,0,15966,975 Mbps,0,-34 dBm,ASUSAP,Authorized,21:20.6,0,177958,0,0,0,0,2031,0,9.726027489,1053.2 Mbps,159
1.1.sta00039,0,23,sta00039,0,04:D4:C4:4F:BB:9C,0,1475190,1475190,13532,13532,15105762,138568,36,0,1,0,32.903 s,5556,sta00039,290,FALSE,NA,192.168.50.1,192.168.50.63,fe80::6f0:21ff:fe22:ec9f/64,DELETED,,0,0,0,0,04:f0:21:22:ec:9f,255.255.255.0,12,802.11an-AC 160,1500,303027,-102 dBm,wiphy0,FALSE,1.1.046,WIFI-STA,125,19,1000,Complete,21,15105762,0,0,0,0,0,0,0,0,10303,975 Mbps,0,-34 dBm,ASUSAP,Authorized,21:20.6,0,138568,0,0,0,0,1568,0,4.800000191,1053.2 Mbps,57
1.1.sta00040,0,23,sta00040,0,04:D4:C4:4F:BB:9C,0,2042969,2042969,16396,16396,20855908,167386,36,0,1,0,32.891 s,5837,sta00040,377,FALSE,NA,192.168.50.1,192.168.50.78,fe80::6f0:21ff:fe75:b09f/64,DELETED,,0,0,0,0,04:f0:21:75:b0:9f,255.255.255.0,12,802.11an-AC 160,1500,287651,-102 dBm,wiphy0,FALSE,1.1.047,WIFI-STA,172,23,1000,Complete,8,20855908,0,0,0,0,0,0,0,0,14086,702 Mbps,0,-35 dBm,ASUSAP,Authorized,21:20.6,0,167386,0,0,0,0,1883,0,1.729559779,1170 Mbps,25
1.1.sta00041,0,23,sta00041,0,04:D4:C4:4F:BB:9C,0,1802311,1802311,13303,13303,18341900,135384,36,0,1,0,32.924 s,6102,sta00041,495,FALSE,NA,192.168.50.1,192.168.50.194,fe80::6f0:21ff:fec4:869f/64,DELETED,,0,0,0,0,04:f0:21:c4:86:9f,255.255.255.0,12,802.11an-AC 160,1500,286902,-102 dBm,wiphy0,FALSE,1.1.048,WIFI-STA,152,18,1000,Complete,37,18341900,0,0,0,0,0,0,0,0,12434,975 Mbps,0,-34 dBm,ASUSAP,Authorized,21:20.7,0,135384,0,0,0,0,1544,0,9.162145615,1170 Mbps,115
1.1.sta00042,0,23,sta00042,0,04:D4:C4:4F:BB:9C,0,1503563,1503563,13496,13496,15301764,137356,36,0,1,0,32.914 s,5966,sta00042,857,FALSE,NA,192.168.50.1,192.168.50.4,fe80::6f0:21ff:fe64:fc9f/64,DELETED,,0,0,0,0,04:f0:21:64:fc:9f,255.255.255.0,12,802.11an-AC 160,1500,284215,-102 dBm,wiphy0,FALSE,1.1.049,WIFI-STA,128,19,1000,Complete,29,15301764,0,0,0,0,0,0,0,0,10437,877.5 Mbps,0,-34 dBm,ASUSAP,Authorized,21:20.7,0,137356,0,0,0,0,1552,0,6.045650959,1053.2 Mbps,69
1.1.sta00043,0,23,sta00043,0,04:D4:C4:4F:BB:9C,0,2274298,2274298,17183,17183,23145540,174876,36,0,1,0,32.902 s,6448,sta00043,686,FALSE,NA,192.168.50.1,192.168.50.211,fe80::6f0:21ff:fe87:6f9f/64,DELETED,,0,0,0,0,04:f0:21:87:6f:9f,255.255.255.0,12,802.11an-AC 160,1500,282156,-102 dBm,wiphy0,FALSE,1.1.050,WIFI-STA,191,24,1000,Complete,53,23145540,0,0,0,0,0,0,0,0,15598,975 Mbps,0,-34 dBm,ASUSAP,Authorized,21:20.7,0,174876,0,0,0,0,1988,0,4.491609097,1053.2 Mbps,38
1.1.sta00044,0,23,sta00044,0,04:D4:C4:4F:BB:9C,0,1981940,1981940,16509,16509,20142710,167792,36,0,1,0,32.89 s,6057,sta00044,880,FALSE,NA,192.168.50.1,192.168.50.59,fe80::6f0:21ff:feb7:939f/64,DELETED,,0,0,0,0,04:f0:21:b7:93:9f,255.255.255.0,11,802.11an-AC 160,1500,266146,-102 dBm,wiphy0,FALSE,1.1.051,WIFI-STA,167,23,1000,Complete,0,20142710,0,0,0,0,0,0,0,0,13639,877.5 Mbps,0,-35 dBm,ASUSAP,Authorized,21:20.7,0,167792,0,0,0,0,1898,0,0.835945666,1040 Mbps,16
1.1.sta00045,0,23,sta00045,0,04:D4:C4:4F:BB:9C,0,2326337,2326337,19094,19094,23642858,194058,36,0,1,0,32.878 s,5541,sta00045,472,FALSE,NA,192.168.50.1,192.168.50.210,fe80::6f0:21ff:fe68:39f/64,DELETED,,0,0,0,0,04:f0:21:68:03:9f,255.255.255.0,10,802.11an-AC 160,1500,256674,-102 dBm,wiphy0,FALSE,1.1.052,WIFI-STA,196,27,1000,Complete,3,23642858,0,0,0,0,0,0,0,0,15987,468 Mbps,0,-34 dBm,ASUSAP,Authorized,21:20.7,0,194058,0,0,0,0,2225,0,1.594331264,1170.2 Mbps,33
1.1.sta00046,0,23,sta00046,0,04:D4:C4:4F:BB:9C,0,1702773,1702773,12863,12863,17305502,130734,36,0,1,0,32.867 s,6476,sta00046,768,FALSE,NA,192.168.50.1,192.168.50.196,fe80::6f0:21ff:febe:719f/64,DELETED,,0,0,0,0,04:f0:21:be:71:9f,255.255.255.0,12,802.11an-AC 160,1500,248896,-102 dBm,wiphy0,FALSE,1.1.053,WIFI-STA,144,18,1000,Complete,17,17305502,0,0,0,0,0,0,0,0,11773,526.5 Mbps,0,-34 dBm,ASUSAP,Authorized,21:20.7,0,130734,0,0,0,0,1491,0,2.9624753,1040 Mbps,28
1.1.sta00047,0,23,sta00047,0,04:D4:C4:4F:BB:9C,0,1853455,1853455,19945,19945,18836904,202704,36,0,1,0,32.855 s,11073,sta00047,997,FALSE,NA,192.168.50.1,192.168.50.86,fe80::6f0:21ff:fea5:79f/64,DELETED,,0,0,0,0,04:f0:21:a5:07:9f,255.255.255.0,12,802.11an-AC 160,1500,250658,-102 dBm,wiphy0,FALSE,1.1.054,WIFI-STA,156,27,1000,Complete,10,18836904,0,0,0,0,0,0,0,0,12753,702 Mbps,0,-34 dBm,ASUSAP,Authorized,21:20.7,0,202704,0,0,0,0,2242,0,1.369863033,1170.2 Mbps,21
1.1.sta00048,0,23,sta00048,0,04:D4:C4:4F:BB:9C,0,418005,418005,8544,8544,4248244,86834,36,0,1,0,31.91 s,10717,sta00048,338,FALSE,NA,192.168.50.1,192.168.50.7,fe80::6f0:21ff:fecd:629f/64,DELETED,,0,0,0,0,04:f0:21:cd:62:9f,255.255.255.0,12,802.11an-AC 160,1500,293766,-102 dBm,wiphy0,FALSE,1.1.055,WIFI-STA,37,11,1000,Complete,0,4248244,0,0,0,0,0,0,0,0,3073,877.5 Mbps,0,-34 dBm,ASUSAP,Authorized,21:20.7,0,86834,0,0,0,0,955,0,0,24 Mbps,0
1.1.sta00049,0,23,sta00049,0,04:D4:C4:4F:BB:9C,0,1980472,1980472,15778,15778,20127790,160360,36,0,1,0,31.923 s,7909,sta00049,810,FALSE,NA,192.168.50.1,192.168.50.198,fe80::6f0:21ff:fe90:e9f/64,DELETED,,0,0,0,0,04:f0:21:90:0e:9f,255.255.255.0,11,802.11an-AC 160,1500,258121,-102 dBm,wiphy0,FALSE,1.1.056,WIFI-STA,166,21,1000,Complete,14,20127790,0,0,0,0,0,0,0,0,13571,702 Mbps,0,-34 dBm,ASUSAP,Authorized,21:20.7,0,160360,0,0,0,0,1772,0,3.300329924,1170 Mbps,46
1.1._vrf6,NA,NA,NA,NA,NA,NA,NA,NA,NA,NA,NA,NA,NA,NA,NA,NA,NA,NA,NA,NA,NA,NA,NA,NA,NA,NA,NA,NA,NA,NA,NA,NA,NA,NA,NA,NA,NA,NA,NA,NA,NA,NA,NA,NA,NA,NA,NA,NA,NA,NA,NA,NA,NA,NA,NA,NA,NA,NA,NA,NA,NA,NA,NA,NA,NA,NA,NA,NA,NA,NA,NA,NA,NA,NA
1.1._vrf7,NA,NA,NA,NA,NA,NA,NA,NA,NA,NA,NA,NA,NA,NA,NA,NA,NA,NA,NA,NA,NA,NA,NA,NA,NA,NA,NA,NA,NA,NA,NA,NA,NA,NA,NA,NA,NA,NA,NA,NA,NA,NA,NA,NA,NA,NA,NA,NA,NA,NA,NA,NA,NA,NA,NA,NA,NA,NA,NA,NA,NA,NA,NA,NA,NA,NA,NA,NA,NA,NA,NA,NA,NA,NA
1.1._vrf8,NA,NA,NA,NA,NA,NA,NA,NA,NA,NA,NA,NA,NA,NA,NA,NA,NA,NA,NA,NA,NA,NA,NA,NA,NA,NA,NA,NA,NA,NA,NA,NA,NA,NA,NA,NA,NA,NA,NA,NA,NA,NA,NA,NA,NA,NA,NA,NA,NA,NA,NA,NA,NA,NA,NA,NA,NA,NA,NA,NA,NA,NA,NA,NA,NA,NA,NA,NA,NA,NA,NA,NA,NA,NA
1.1._vrf9,NA,NA,NA,NA,NA,NA,NA,NA,NA,NA,NA,NA,NA,NA,NA,NA,NA,NA,NA,NA,NA,NA,NA,NA,NA,NA,NA,NA,NA,NA,NA,NA,NA,NA,NA,NA,NA,NA,NA,NA,NA,NA,NA,NA,NA,NA,NA,NA,NA,NA,NA,NA,NA,NA,NA,NA,NA,NA,NA,NA,NA,NA,NA,NA,NA,NA,NA,NA,NA,NA,NA,NA,NA,NA
1.1._vrf10,NA,NA,NA,NA,NA,NA,NA,NA,NA,NA,NA,NA,NA,NA,NA,NA,NA,NA,NA,NA,NA,NA,NA,NA,NA,NA,NA,NA,NA,NA,NA,NA,NA,NA,NA,NA,NA,NA,NA,NA,NA,NA,NA,NA,NA,NA,NA,NA,NA,NA,NA,NA,NA,NA,NA,NA,NA,NA,NA,NA,NA,NA,NA,NA,NA,NA,NA,NA,NA,NA,NA,NA,NA,NA
1.1._vrf11,NA,NA,NA,NA,NA,NA,NA,NA,NA,NA,NA,NA,NA,NA,NA,NA,NA,NA,NA,NA,NA,NA,NA,NA,NA,NA,NA,NA,NA,NA,NA,NA,NA,NA,NA,NA,NA,NA,NA,NA,NA,NA,NA,NA,NA,NA,NA,NA,NA,NA,NA,NA,NA,NA,NA,NA,NA,NA,NA,NA,NA,NA,NA,NA,NA,NA,NA,NA,NA,NA,NA,NA,NA,NA
1.1._vrf12,NA,NA,NA,NA,NA,NA,NA,NA,NA,NA,NA,NA,NA,NA,NA,NA,NA,NA,NA,NA,NA,NA,NA,NA,NA,NA,NA,NA,NA,NA,NA,NA,NA,NA,NA,NA,NA,NA,NA,NA,NA,NA,NA,NA,NA,NA,NA,NA,NA,NA,NA,NA,NA,NA,NA,NA,NA,NA,NA,NA,NA,NA,NA,NA,NA,NA,NA,NA,NA,NA,NA,NA,NA,NA
1.1._vrf13,NA,NA,NA,NA,NA,NA,NA,NA,NA,NA,NA,NA,NA,NA,NA,NA,NA,NA,NA,NA,NA,NA,NA,NA,NA,NA,NA,NA,NA,NA,NA,NA,NA,NA,NA,NA,NA,NA,NA,NA,NA,NA,NA,NA,NA,NA,NA,NA,NA,NA,NA,NA,NA,NA,NA,NA,NA,NA,NA,NA,NA,NA,NA,NA,NA,NA,NA,NA,NA,NA,NA,NA,NA,NA
1.1._vrf14,NA,NA,NA,NA,NA,NA,NA,NA,NA,NA,NA,NA,NA,NA,NA,NA,NA,NA,NA,NA,NA,NA,NA,NA,NA,NA,NA,NA,NA,NA,NA,NA,NA,NA,NA,NA,NA,NA,NA,NA,NA,NA,NA,NA,NA,NA,NA,NA,NA,NA,NA,NA,NA,NA,NA,NA,NA,NA,NA,NA,NA,NA,NA,NA,NA,NA,NA,NA,NA,NA,NA,NA,NA,NA
1.1._vrf15,NA,NA,NA,NA,NA,NA,NA,NA,NA,NA,NA,NA,NA,NA,NA,NA,NA,NA,NA,NA,NA,NA,NA,NA,NA,NA,NA,NA,NA,NA,NA,NA,NA,NA,NA,NA,NA,NA,NA,NA,NA,NA,NA,NA,NA,NA,NA,NA,NA,NA,NA,NA,NA,NA,NA,NA,NA,NA,NA,NA,NA,NA,NA,NA,NA,NA,NA,NA,NA,NA,NA,NA,NA,NA
1.1._vrf17,NA,NA,NA,NA,NA,NA,NA,NA,NA,NA,NA,NA,NA,NA,NA,NA,NA,NA,NA,NA,NA,NA,NA,NA,NA,NA,NA,NA,NA,NA,NA,NA,NA,NA,NA,NA,NA,NA,NA,NA,NA,NA,NA,NA,NA,NA,NA,NA,NA,NA,NA,NA,NA,NA,NA,NA,NA,NA,NA,NA,NA,NA,NA,NA,NA,NA,NA,NA,NA,NA,NA,NA,NA,NA
1.1._vrf18,NA,NA,NA,NA,NA,NA,NA,NA,NA,NA,NA,NA,NA,NA,NA,NA,NA,NA,NA,NA,NA,NA,NA,NA,NA,NA,NA,NA,NA,NA,NA,NA,NA,NA,NA,NA,NA,NA,NA,NA,NA,NA,NA,NA,NA,NA,NA,NA,NA,NA,NA,NA,NA,NA,NA,NA,NA,NA,NA,NA,NA,NA,NA,NA,NA,NA,NA,NA,NA,NA,NA,NA,NA,NA
1.1._vrf19,NA,NA,NA,NA,NA,NA,NA,NA,NA,NA,NA,NA,NA,NA,NA,NA,NA,NA,NA,NA,NA,NA,NA,NA,NA,NA,NA,NA,NA,NA,NA,NA,NA,NA,NA,NA,NA,NA,NA,NA,NA,NA,NA,NA,NA,NA,NA,NA,NA,NA,NA,NA,NA,NA,NA,NA,NA,NA,NA,NA,NA,NA,NA,NA,NA,NA,NA,NA,NA,NA,NA,NA,NA,NA
1.1._vrf20,NA,NA,NA,NA,NA,NA,NA,NA,NA,NA,NA,NA,NA,NA,NA,NA,NA,NA,NA,NA,NA,NA,NA,NA,NA,NA,NA,NA,NA,NA,NA,NA,NA,NA,NA,NA,NA,NA,NA,NA,NA,NA,NA,NA,NA,NA,NA,NA,NA,NA,NA,NA,NA,NA,NA,NA,NA,NA,NA,NA,NA,NA,NA,NA,NA,NA,NA,NA,NA,NA,NA,NA,NA,NA
1.1._vrf21,NA,NA,NA,NA,NA,NA,NA,NA,NA,NA,NA,NA,NA,NA,NA,NA,NA,NA,NA,NA,NA,NA,NA,NA,NA,NA,NA,NA,NA,NA,NA,NA,NA,NA,NA,NA,NA,NA,NA,NA,NA,NA,NA,NA,NA,NA,NA,NA,NA,NA,NA,NA,NA,NA,NA,NA,NA,NA,NA,NA,NA,NA,NA,NA,NA,NA,NA,NA,NA,NA,NA,NA,NA,NA
1.1._vrf22,NA,NA,NA,NA,NA,NA,NA,NA,NA,NA,NA,NA,NA,NA,NA,NA,NA,NA,NA,NA,NA,NA,NA,NA,NA,NA,NA,NA,NA,NA,NA,NA,NA,NA,NA,NA,NA,NA,NA,NA,NA,NA,NA,NA,NA,NA,NA,NA,NA,NA,NA,NA,NA,NA,NA,NA,NA,NA,NA,NA,NA,NA,NA,NA,NA,NA,NA,NA,NA,NA,NA,NA,NA,NA
1.1._vrf23,NA,NA,NA,NA,NA,NA,NA,NA,NA,NA,NA,NA,NA,NA,NA,NA,NA,NA,NA,NA,NA,NA,NA,NA,NA,NA,NA,NA,NA,NA,NA,NA,NA,NA,NA,NA,NA,NA,NA,NA,NA,NA,NA,NA,NA,NA,NA,NA,NA,NA,NA,NA,NA,NA,NA,NA,NA,NA,NA,NA,NA,NA,NA,NA,NA,NA,NA,NA,NA,NA,NA,NA,NA,NA
1.1._vrf24,NA,NA,NA,NA,NA,NA,NA,NA,NA,NA,NA,NA,NA,NA,NA,NA,NA,NA,NA,NA,NA,NA,NA,NA,NA,NA,NA,NA,NA,NA,NA,NA,NA,NA,NA,NA,NA,NA,NA,NA,NA,NA,NA,NA,NA,NA,NA,NA,NA,NA,NA,NA,NA,NA,NA,NA,NA,NA,NA,NA,NA,NA,NA,NA,NA,NA,NA,NA,NA,NA,NA,NA,NA,NA
1.1._vrf25,NA,NA,NA,NA,NA,NA,NA,NA,NA,NA,NA,NA,NA,NA,NA,NA,NA,NA,NA,NA,NA,NA,NA,NA,NA,NA,NA,NA,NA,NA,NA,NA,NA,NA,NA,NA,NA,NA,NA,NA,NA,NA,NA,NA,NA,NA,NA,NA,NA,NA,NA,NA,NA,NA,NA,NA,NA,NA,NA,NA,NA,NA,NA,NA,NA,NA,NA,NA,NA,NA,NA,NA,NA,NA
1.1._vrf26,NA,NA,NA,NA,NA,NA,NA,NA,NA,NA,NA,NA,NA,NA,NA,NA,NA,NA,NA,NA,NA,NA,NA,NA,NA,NA,NA,NA,NA,NA,NA,NA,NA,NA,NA,NA,NA,NA,NA,NA,NA,NA,NA,NA,NA,NA,NA,NA,NA,NA,NA,NA,NA,NA,NA,NA,NA,NA,NA,NA,NA,NA,NA,NA,NA,NA,NA,NA,NA,NA,NA,NA,NA,NA
1.1._vrf27,NA,NA,NA,NA,NA,NA,NA,NA,NA,NA,NA,NA,NA,NA,NA,NA,NA,NA,NA,NA,NA,NA,NA,NA,NA,NA,NA,NA,NA,NA,NA,NA,NA,NA,NA,NA,NA,NA,NA,NA,NA,NA,NA,NA,NA,NA,NA,NA,NA,NA,NA,NA,NA,NA,NA,NA,NA,NA,NA,NA,NA,NA,NA,NA,NA,NA,NA,NA,NA,NA,NA,NA,NA,NA
1.1._vrf28,NA,NA,NA,NA,NA,NA,NA,NA,NA,NA,NA,NA,NA,NA,NA,NA,NA,NA,NA,NA,NA,NA,NA,NA,NA,NA,NA,NA,NA,NA,NA,NA,NA,NA,NA,NA,NA,NA,NA,NA,NA,NA,NA,NA,NA,NA,NA,NA,NA,NA,NA,NA,NA,NA,NA,NA,NA,NA,NA,NA,NA,NA,NA,NA,NA,NA,NA,NA,NA,NA,NA,NA,NA,NA
1.1._vrf29,NA,NA,NA,NA,NA,NA,NA,NA,NA,NA,NA,NA,NA,NA,NA,NA,NA,NA,NA,NA,NA,NA,NA,NA,NA,NA,NA,NA,NA,NA,NA,NA,NA,NA,NA,NA,NA,NA,NA,NA,NA,NA,NA,NA,NA,NA,NA,NA,NA,NA,NA,NA,NA,NA,NA,NA,NA,NA,NA,NA,NA,NA,NA,NA,NA,NA,NA,NA,NA,NA,NA,NA,NA,NA
1.1._vrf30,NA,NA,NA,NA,NA,NA,NA,NA,NA,NA,NA,NA,NA,NA,NA,NA,NA,NA,NA,NA,NA,NA,NA,NA,NA,NA,NA,NA,NA,NA,NA,NA,NA,NA,NA,NA,NA,NA,NA,NA,NA,NA,NA,NA,NA,NA,NA,NA,NA,NA,NA,NA,NA,NA,NA,NA,NA,NA,NA,NA,NA,NA,NA,NA,NA,NA,NA,NA,NA,NA,NA,NA,NA,NA
1.1._vrf31,NA,NA,NA,NA,NA,NA,NA,NA,NA,NA,NA,NA,NA,NA,NA,NA,NA,NA,NA,NA,NA,NA,NA,NA,NA,NA,NA,NA,NA,NA,NA,NA,NA,NA,NA,NA,NA,NA,NA,NA,NA,NA,NA,NA,NA,NA,NA,NA,NA,NA,NA,NA,NA,NA,NA,NA,NA,NA,NA,NA,NA,NA,NA,NA,NA,NA,NA,NA,NA,NA,NA,NA,NA,NA
1.1._vrf32,NA,NA,NA,NA,NA,NA,NA,NA,NA,NA,NA,NA,NA,NA,NA,NA,NA,NA,NA,NA,NA,NA,NA,NA,NA,NA,NA,NA,NA,NA,NA,NA,NA,NA,NA,NA,NA,NA,NA,NA,NA,NA,NA,NA,NA,NA,NA,NA,NA,NA,NA,NA,NA,NA,NA,NA,NA,NA,NA,NA,NA,NA,NA,NA,NA,NA,NA,NA,NA,NA,NA,NA,NA,NA
1.1._vrf33,NA,NA,NA,NA,NA,NA,NA,NA,NA,NA,NA,NA,NA,NA,NA,NA,NA,NA,NA,NA,NA,NA,NA,NA,NA,NA,NA,NA,NA,NA,NA,NA,NA,NA,NA,NA,NA,NA,NA,NA,NA,NA,NA,NA,NA,NA,NA,NA,NA,NA,NA,NA,NA,NA,NA,NA,NA,NA,NA,NA,NA,NA,NA,NA,NA,NA,NA,NA,NA,NA,NA,NA,NA,NA
1.1._vrf34,NA,NA,NA,NA,NA,NA,NA,NA,NA,NA,NA,NA,NA,NA,NA,NA,NA,NA,NA,NA,NA,NA,NA,NA,NA,NA,NA,NA,NA,NA,NA,NA,NA,NA,NA,NA,NA,NA,NA,NA,NA,NA,NA,NA,NA,NA,NA,NA,NA,NA,NA,NA,NA,NA,NA,NA,NA,NA,NA,NA,NA,NA,NA,NA,NA,NA,NA,NA,NA,NA,NA,NA,NA,NA
1.1._vrf35,NA,NA,NA,NA,NA,NA,NA,NA,NA,NA,NA,NA,NA,NA,NA,NA,NA,NA,NA,NA,NA,NA,NA,NA,NA,NA,NA,NA,NA,NA,NA,NA,NA,NA,NA,NA,NA,NA,NA,NA,NA,NA,NA,NA,NA,NA,NA,NA,NA,NA,NA,NA,NA,NA,NA,NA,NA,NA,NA,NA,NA,NA,NA,NA,NA,NA,NA,NA,NA,NA,NA,NA,NA,NA
1.1._vrf36,NA,NA,NA,NA,NA,NA,NA,NA,NA,NA,NA,NA,NA,NA,NA,NA,NA,NA,NA,NA,NA,NA,NA,NA,NA,NA,NA,NA,NA,NA,NA,NA,NA,NA,NA,NA,NA,NA,NA,NA,NA,NA,NA,NA,NA,NA,NA,NA,NA,NA,NA,NA,NA,NA,NA,NA,NA,NA,NA,NA,NA,NA,NA,NA,NA,NA,NA,NA,NA,NA,NA,NA,NA,NA
1.1._vrf37,NA,NA,NA,NA,NA,NA,NA,NA,NA,NA,NA,NA,NA,NA,NA,NA,NA,NA,NA,NA,NA,NA,NA,NA,NA,NA,NA,NA,NA,NA,NA,NA,NA,NA,NA,NA,NA,NA,NA,NA,NA,NA,NA,NA,NA,NA,NA,NA,NA,NA,NA,NA,NA,NA,NA,NA,NA,NA,NA,NA,NA,NA,NA,NA,NA,NA,NA,NA,NA,NA,NA,NA,NA,NA
1.1._vrf38,NA,NA,NA,NA,NA,NA,NA,NA,NA,NA,NA,NA,NA,NA,NA,NA,NA,NA,NA,NA,NA,NA,NA,NA,NA,NA,NA,NA,NA,NA,NA,NA,NA,NA,NA,NA,NA,NA,NA,NA,NA,NA,NA,NA,NA,NA,NA,NA,NA,NA,NA,NA,NA,NA,NA,NA,NA,NA,NA,NA,NA,NA,NA,NA,NA,NA,NA,NA,NA,NA,NA,NA,NA,NA
1.1._vrf39,NA,NA,NA,NA,NA,NA,NA,NA,NA,NA,NA,NA,NA,NA,NA,NA,NA,NA,NA,NA,NA,NA,NA,NA,NA,NA,NA,NA,NA,NA,NA,NA,NA,NA,NA,NA,NA,NA,NA,NA,NA,NA,NA,NA,NA,NA,NA,NA,NA,NA,NA,NA,NA,NA,NA,NA,NA,NA,NA,NA,NA,NA,NA,NA,NA,NA,NA,NA,NA,NA,NA,NA,NA,NA
1.1._vrf40,NA,NA,NA,NA,NA,NA,NA,NA,NA,NA,NA,NA,NA,NA,NA,NA,NA,NA,NA,NA,NA,NA,NA,NA,NA,NA,NA,NA,NA,NA,NA,NA,NA,NA,NA,NA,NA,NA,NA,NA,NA,NA,NA,NA,NA,NA,NA,NA,NA,NA,NA,NA,NA,NA,NA,NA,NA,NA,NA,NA,NA,NA,NA,NA,NA,NA,NA,NA,NA,NA,NA,NA,NA,NA
1.1._vrf41,NA,NA,NA,NA,NA,NA,NA,NA,NA,NA,NA,NA,NA,NA,NA,NA,NA,NA,NA,NA,NA,NA,NA,NA,NA,NA,NA,NA,NA,NA,NA,NA,NA,NA,NA,NA,NA,NA,NA,NA,NA,NA,NA,NA,NA,NA,NA,NA,NA,NA,NA,NA,NA,NA,NA,NA,NA,NA,NA,NA,NA,NA,NA,NA,NA,NA,NA,NA,NA,NA,NA,NA,NA,NA
1.1._vrf42,NA,NA,NA,NA,NA,NA,NA,NA,NA,NA,NA,NA,NA,NA,NA,NA,NA,NA,NA,NA,NA,NA,NA,NA,NA,NA,NA,NA,NA,NA,NA,NA,NA,NA,NA,NA,NA,NA,NA,NA,NA,NA,NA,NA,NA,NA,NA,NA,NA,NA,NA,NA,NA,NA,NA,NA,NA,NA,NA,NA,NA,NA,NA,NA,NA,NA,NA,NA,NA,NA,NA,NA,NA,NA
1.1._vrf43,NA,NA,NA,NA,NA,NA,NA,NA,NA,NA,NA,NA,NA,NA,NA,NA,NA,NA,NA,NA,NA,NA,NA,NA,NA,NA,NA,NA,NA,NA,NA,NA,NA,NA,NA,NA,NA,NA,NA,NA,NA,NA,NA,NA,NA,NA,NA,NA,NA,NA,NA,NA,NA,NA,NA,NA,NA,NA,NA,NA,NA,NA,NA,NA,NA,NA,NA,NA,NA,NA,NA,NA,NA,NA
1.1._vrf44,NA,NA,NA,NA,NA,NA,NA,NA,NA,NA,NA,NA,NA,NA,NA,NA,NA,NA,NA,NA,NA,NA,NA,NA,NA,NA,NA,NA,NA,NA,NA,NA,NA,NA,NA,NA,NA,NA,NA,NA,NA,NA,NA,NA,NA,NA,NA,NA,NA,NA,NA,NA,NA,NA,NA,NA,NA,NA,NA,NA,NA,NA,NA,NA,NA,NA,NA,NA,NA,NA,NA,NA,NA,NA
1.1._vrf45,NA,NA,NA,NA,NA,NA,NA,NA,NA,NA,NA,NA,NA,NA,NA,NA,NA,NA,NA,NA,NA,NA,NA,NA,NA,NA,NA,NA,NA,NA,NA,NA,NA,NA,NA,NA,NA,NA,NA,NA,NA,NA,NA,NA,NA,NA,NA,NA,NA,NA,NA,NA,NA,NA,NA,NA,NA,NA,NA,NA,NA,NA,NA,NA,NA,NA,NA,NA,NA,NA,NA,NA,NA,NA
1.1._vrf46,NA,NA,NA,NA,NA,NA,NA,NA,NA,NA,NA,NA,NA,NA,NA,NA,NA,NA,NA,NA,NA,NA,NA,NA,NA,NA,NA,NA,NA,NA,NA,NA,NA,NA,NA,NA,NA,NA,NA,NA,NA,NA,NA,NA,NA,NA,NA,NA,NA,NA,NA,NA,NA,NA,NA,NA,NA,NA,NA,NA,NA,NA,NA,NA,NA,NA,NA,NA,NA,NA,NA,NA,NA,NA
1.1._vrf47,NA,NA,NA,NA,NA,NA,NA,NA,NA,NA,NA,NA,NA,NA,NA,NA,NA,NA,NA,NA,NA,NA,NA,NA,NA,NA,NA,NA,NA,NA,NA,NA,NA,NA,NA,NA,NA,NA,NA,NA,NA,NA,NA,NA,NA,NA,NA,NA,NA,NA,NA,NA,NA,NA,NA,NA,NA,NA,NA,NA,NA,NA,NA,NA,NA,NA,NA,NA,NA,NA,NA,NA,NA,NA
1.1._vrf48,NA,NA,NA,NA,NA,NA,NA,NA,NA,NA,NA,NA,NA,NA,NA,NA,NA,NA,NA,NA,NA,NA,NA,NA,NA,NA,NA,NA,NA,NA,NA,NA,NA,NA,NA,NA,NA,NA,NA,NA,NA,NA,NA,NA,NA,NA,NA,NA,NA,NA,NA,NA,NA,NA,NA,NA,NA,NA,NA,NA,NA,NA,NA,NA,NA,NA,NA,NA,NA,NA,NA,NA,NA,NA
1.1._vrf49,NA,NA,NA,NA,NA,NA,NA,NA,NA,NA,NA,NA,NA,NA,NA,NA,NA,NA,NA,NA,NA,NA,NA,NA,NA,NA,NA,NA,NA,NA,NA,NA,NA,NA,NA,NA,NA,NA,NA,NA,NA,NA,NA,NA,NA,NA,NA,NA,NA,NA,NA,NA,NA,NA,NA,NA,NA,NA,NA,NA,NA,NA,NA,NA,NA,NA,NA,NA,NA,NA,NA,NA,NA,NA
1.1._vrf50,NA,NA,NA,NA,NA,NA,NA,NA,NA,NA,NA,NA,NA,NA,NA,NA,NA,NA,NA,NA,NA,NA,NA,NA,NA,NA,NA,NA,NA,NA,NA,NA,NA,NA,NA,NA,NA,NA,NA,NA,NA,NA,NA,NA,NA,NA,NA,NA,NA,NA,NA,NA,NA,NA,NA,NA,NA,NA,NA,NA,NA,NA,NA,NA,NA,NA,NA,NA,NA,NA,NA,NA,NA,NA
1.1._vrf51,NA,NA,NA,NA,NA,NA,NA,NA,NA,NA,NA,NA,NA,NA,NA,NA,NA,NA,NA,NA,NA,NA,NA,NA,NA,NA,NA,NA,NA,NA,NA,NA,NA,NA,NA,NA,NA,NA,NA,NA,NA,NA,NA,NA,NA,NA,NA,NA,NA,NA,NA,NA,NA,NA,NA,NA,NA,NA,NA,NA,NA,NA,NA,NA,NA,NA,NA,NA,NA,NA,NA,NA,NA,NA
1.1._vrf52,NA,NA,NA,NA,NA,NA,NA,NA,NA,NA,NA,NA,NA,NA,NA,NA,NA,NA,NA,NA,NA,NA,NA,NA,NA,NA,NA,NA,NA,NA,NA,NA,NA,NA,NA,NA,NA,NA,NA,NA,NA,NA,NA,NA,NA,NA,NA,NA,NA,NA,NA,NA,NA,NA,NA,NA,NA,NA,NA,NA,NA,NA,NA,NA,NA,NA,NA,NA,NA,NA,NA,NA,NA,NA
1.1._vrf53,NA,NA,NA,NA,NA,NA,NA,NA,NA,NA,NA,NA,NA,NA,NA,NA,NA,NA,NA,NA,NA,NA,NA,NA,NA,NA,NA,NA,NA,NA,NA,NA,NA,NA,NA,NA,NA,NA,NA,NA,NA,NA,NA,NA,NA,NA,NA,NA,NA,NA,NA,NA,NA,NA,NA,NA,NA,NA,NA,NA,NA,NA,NA,NA,NA,NA,NA,NA,NA,NA,NA,NA,NA,NA
1.1._vrf54,NA,NA,NA,NA,NA,NA,NA,NA,NA,NA,NA,NA,NA,NA,NA,NA,NA,NA,NA,NA,NA,NA,NA,NA,NA,NA,NA,NA,NA,NA,NA,NA,NA,NA,NA,NA,NA,NA,NA,NA,NA,NA,NA,NA,NA,NA,NA,NA,NA,NA,NA,NA,NA,NA,NA,NA,NA,NA,NA,NA,NA,NA,NA,NA,NA,NA,NA,NA,NA,NA,NA,NA,NA,NA
1.1._vrf55,NA,NA,NA,NA,NA,NA,NA,NA,NA,NA,NA,NA,NA,NA,NA,NA,NA,NA,NA,NA,NA,NA,NA,NA,NA,NA,NA,NA,NA,NA,NA,NA,NA,NA,NA,NA,NA,NA,NA,NA,NA,NA,NA,NA,NA,NA,NA,NA,NA,NA,NA,NA,NA,NA,NA,NA,NA,NA,NA,NA,NA,NA,NA,NA,NA,NA,NA,NA,NA,NA,NA,NA,NA,NA
1.1._vrf56,NA,NA,NA,NA,NA,NA,NA,NA,NA,NA,NA,NA,NA,NA,NA,NA,NA,NA,NA,NA,NA,NA,NA,NA,NA,NA,NA,NA,NA,NA,NA,NA,NA,NA,NA,NA,NA,NA,NA,NA,NA,NA,NA,NA,NA,NA,NA,NA,NA,NA,NA,NA,NA,NA,NA,NA,NA,NA,NA,NA,NA,NA,NA,NA,NA,NA,NA,NA,NA,NA,NA,NA,NA,NA
